<?xml version="1.0" encoding="UTF-8"?><MD_Metadata xmlns:gts="http://www.isotc211.org/2005/gts" xmlns:gco="http://www.isotc211.org/2005/gco" xmlns:xalan="http://xml.apache.org/xalan" xmlns:srv="http://www.isotc211.org/2005/srv" xmlns:gmx="http://www.isotc211.org/2005/gmx" xmlns:xlink="http://www.w3.org/1999/xlink" xmlns:xsi="http://www.w3.org/2001/XMLSchema-instance" xmlns:gml="http://www.opengis.net/gml" xmlns="http://www.isotc211.org/2005/gmd">
    <characterSet>
        <MD_CharacterSetCode codeList="http://www.isotc211.org/2005/resources/Codelist/gmxCodelists.xml#MD_CharacterSetCode" codeListValue="utf8" codeSpace="ISOTC211/19115">utf8</MD_CharacterSetCode>
    </characterSet>
    <hierarchyLevel>
        <MD_ScopeCode codeList="http://www.isotc211.org/2005/resources/Codelist/gmxCodelists.xml#MD_ScopeCode" codeListValue="dataset" codeSpace="ISOTC211/19115">dataset</MD_ScopeCode>
    </hierarchyLevel>
    <hierarchyLevelName>
        <gco:CharacterString>dataset</gco:CharacterString>
    </hierarchyLevelName>
    <contact gco:nilReason="missing"/>
    <dateStamp gco:nilReason="missing"/>
    <metadataStandardName>
        <gco:CharacterString>ISO 19139 Geographic Information - Metadata - Implementation Specification</gco:CharacterString>
    </metadataStandardName>
    <metadataStandardVersion>
        <gco:CharacterString>2007</gco:CharacterString>
    </metadataStandardVersion>
    <identificationInfo>
        <MD_DataIdentification>
            <citation>
                <CI_Citation>
                    <title>
                        <gco:CharacterString>County Boundaries</gco:CharacterString>
                    </title>
                    <date gco:nilReason="missing"/>
                </CI_Citation>
            </citation>
            <abstract gco:nilReason="missing"/>
            <purpose>
                <gco:CharacterString>Yolo County Open Data County Boundary
</gco:CharacterString>
            </purpose>
            <descriptiveKeywords>
                <MD_Keywords>
                    <keyword>
                        <gco:CharacterString>Yolo County Open Data</gco:CharacterString>
                    </keyword>
                    <keyword>
                        <gco:CharacterString>ArcGIS</gco:CharacterString>
                    </keyword>
                    <keyword>
                        <gco:CharacterString>Service Definition</gco:CharacterString>
                    </keyword>
                    <keyword>
                        <gco:CharacterString>.sd</gco:CharacterString>
                    </keyword>
                </MD_Keywords>
            </descriptiveKeywords>
            <resourceConstraints>
                <MD_Constraints>
                    <useLimitation>
                        <gco:CharacterString>DisclaimerThe information on these maps is based on the most current information available to Yolo County Geographic Information Systems. The County of Yolo does not warrant its accuracy or suitability for any particular purpose. The information on these maps is not intended to replace engineering, financial or primary records researchMaps &amp;amp; Data: Issues/Usage/InterpretationWhether on paper or electronic, all maps are merely abstractions. A map is an attempt to represent some aspect of reality for some specific purpose. No single map is perfect for all purposes.The maps and data presented here are aggregated from a wide variety of sources. Care has been taken to integrate these various data sources as well as possible. However, each agency providing data may have their own internal standards for accuracy and timeliness that may affect the degree to which the various data sources agree with each other.Thus you may find that parcel lines (from the Assessor's office) may not line up exactly with flood data (derived from FEMA maps) or census boundaries (derived from US Census maps) or with aerial photography, et cetera. Each of these data sources may be considered on their own, for their own purposes, but comparisons among them may not be directly possible, and some manual interpretation may be necessary.Maps are also created with specific scales in mind that may limit their accuracy. For example, map data intended to be presented at a county-wide scale may have been simplified or created in a generalized manner such that fine details when zoomed in very close are not available. For example, state-wide soils data will not be accurate down to a specific parcel level of detail.There are also timing issues to contend with, as each data source may not be updated with the same frequency. Even among the Assessor's office, the data from their mapping department (parcel lines) and their data entry department (textual parcel information) may not be updated concurrently. Thus for recently modified parcels you may find discrepancies in the data.The maps presented here represent an ongoing process of data creation - they will never be finished. The underlying data is constantly changing. Every attempt has been made to keep the data as current and accurate as possible, but these maps cannot be considered an authoritative source of data. </gco:CharacterString>
                    </useLimitation>
                </MD_Constraints>
            </resourceConstraints>
            <language gco:nilReason="missing"/>
            <characterSet>
                <MD_CharacterSetCode codeList="http://www.isotc211.org/2005/resources/Codelist/gmxCodelists.xml#MD_CharacterSetCode" codeListValue="utf8" codeSpace="ISOTC211/19115">utf8</MD_CharacterSetCode>
            </characterSet>
        </MD_DataIdentification>
    </identificationInfo>
</MD_Metadata>
