<?xml version="1.0" encoding="UTF-8"?>
<metadata><idinfo><citation><citeinfo><origin>Yolo County GIS Cooperative</origin><pubdate>6/29/2011</pubdate><title Sync="TRUE">Centerlines</title><geoform Sync="TRUE">vector digital data</geoform><onlink Sync="FALSE">withheld</onlink><ftname Sync="TRUE">Centerlines</ftname><serinfo><sername>Centerlines Q2_2011</sername></serinfo><pubinfo><pubplace>Yolo County, California</pubplace><publish>Yolo County Information Technology Department, GIS Section</publish></pubinfo><edition>Quarter 2</edition><lworkcit><citeinfo><origin>Yolo County GIS Cooperative</origin><pubdate>06/29/11</pubdate><title>Q2 2011  Centerlines</title><edition>Quarter 2</edition><serinfo><sername>Centerlines</sername></serinfo><pubinfo><pubplace>Yolo County California</pubplace><publish>Yolo County GIS Cooperative</publish></pubinfo></citeinfo></lworkcit></citeinfo></citation><descript><abstract>Street centerline data. Actual and exhaustive street ranges, zip codes and cities for both sides of each street segment. Constructed in conjunction with the parcel basemap. Centerlines are typically at the computed center of the parcel right-of-way lines.</abstract><purpose>Q2 2017- Provide street ranges, zip codes and city names for street addresses</purpose><langdata Sync="TRUE">en</langdata></descript><timeperd><timeinfo><rngdates><begdate>3/29/11</begdate><enddate>6/29/11</enddate></rngdates></timeinfo><current>Current</current></timeperd><status><progress>Complete</progress><update>Quarterly</update></status><spdom><bounding><westbc Sync="TRUE">-122.391512</westbc><eastbc Sync="TRUE">-121.497497</eastbc><northbc Sync="TRUE">38.925961</northbc><southbc Sync="TRUE">38.312915</southbc></bounding><lboundng><leftbc Sync="TRUE">6450288.719319</leftbc><rightbc Sync="TRUE">6704620.086604</rightbc><bottombc Sync="TRUE">1876170.374247</bottombc><topbc Sync="TRUE">2099038.844219</topbc></lboundng></spdom><keywords><theme><themekt>REQUIRED: Reference to a formally registered thesaurus or a similar authoritative source of theme keywords.</themekt><themekey>Centerlines</themekey><themekey>Streets</themekey></theme></keywords><ptcontac><cntinfo><cntorgp><cntorg>Yolo County GIS Cooperative</cntorg><cntper>Marcus Neuvert</cntper></cntorgp><cntpos>GIS Specialist</cntpos><cntaddr><addrtype>mailing and physical address</addrtype><address>120 W. Main St. Suite D</address><city>Woodland</city><state>CA</state><postal>95695</postal><country>USA</country></cntaddr><cntvoice>530-406-5040</cntvoice><cntemail>mneuvert@yolocounty,org</cntemail><hours>M-F, 8-5</hours></cntinfo></ptcontac><native Sync="FALSE">ESRI ArcCatalog 9.3.1.3000</native><crossref><citeinfo><title>Centerlines</title></citeinfo></crossref><accconst>REQUIRED: Restrictions and legal prerequisites for accessing the data set.</accconst><useconst>REQUIRED: Restrictions and legal prerequisites for using the data set after access is granted.</useconst><natvform Sync="TRUE">Personal GeoDatabase Feature Class</natvform></idinfo><dataqual><lineage><procstep><procdesc>Metadata imported.</procdesc></procstep><procstep><procdesc Sync="TRUE">Dataset copied.</procdesc><srcused Sync="FALSE">withheld</srcused><procdate Sync="TRUE">20100908</procdate><proctime Sync="TRUE">14002600</proctime></procstep><procstep><procdesc Sync="TRUE">Dataset copied.</procdesc><srcused Sync="FALSE">withheld</srcused><procdate Sync="TRUE">20100922</procdate><proctime Sync="TRUE">11100500</proctime></procstep><procstep><procdesc Sync="TRUE">Dataset copied.</procdesc><srcused Sync="FALSE">withheld</srcused><procdate Sync="TRUE">20100924</procdate><proctime Sync="TRUE">15413600</proctime></procstep><procstep><procdesc Sync="TRUE">Dataset copied.</procdesc><srcused Sync="FALSE">withheld</srcused><procdate Sync="TRUE">20100924</procdate><proctime Sync="TRUE">16055300</proctime></procstep><procstep><procdesc Sync="TRUE">Metadata imported.</procdesc><srcused Sync="FALSE">withheld</srcused><procdate Sync="TRUE">20101223</procdate><proctime Sync="TRUE">10463300</proctime></procstep><procstep><procdesc Sync="TRUE">Dataset copied.</procdesc><srcused Sync="FALSE">withheld</srcused><procdate Sync="TRUE">20110621</procdate><proctime Sync="TRUE">15320900</proctime></procstep><procstep><procdesc Sync="TRUE">Dataset copied.</procdesc><srcused Sync="FALSE">withheld</srcused><procdate Sync="TRUE">20110621</procdate><proctime Sync="TRUE">16534500</proctime></procstep></lineage></dataqual><spdoinfo><direct Sync="TRUE">Vector</direct><ptvctinf><esriterm Name="SDE.Centerlines"><efeatyp Sync="TRUE">Simple</efeatyp><efeageom code="3" Sync="TRUE"/><esritopo Sync="TRUE">FALSE</esritopo><efeacnt Sync="TRUE">0</efeacnt><spindex Sync="TRUE">TRUE</spindex><linrefer Sync="TRUE">FALSE</linrefer></esriterm></ptvctinf></spdoinfo><spref><horizsys><planar><planci><plance Sync="TRUE">coordinate pair</plance><coordrep><absres Sync="TRUE">0.000061</absres><ordres Sync="TRUE">0.000061</ordres></coordrep><plandu Sync="TRUE">survey feet</plandu></planci></planar><geodetic><horizdn Sync="TRUE">North American Datum of 1983</horizdn><ellips Sync="TRUE">Geodetic Reference System 80</ellips><semiaxis Sync="TRUE">6378137.000000</semiaxis><denflat Sync="TRUE">298.257222</denflat></geodetic><cordsysn><geogcsn Sync="TRUE">GCS_North_American_1983</geogcsn><projcsn Sync="TRUE">NAD_1983_StatePlane_California_II_FIPS_0402_Feet</projcsn></cordsysn></horizsys><vertdef><altsys><altres Sync="TRUE">0.000100</altres><altenc Sync="TRUE">Explicit elevation coordinate included with horizontal coordinates</altenc></altsys></vertdef></spref><eainfo><detailed Name="SDE.Centerlines"><enttyp><enttypl Sync="TRUE">SDE.Centerlines</enttypl><enttypd>A line defined as midway between parcel right-of-way boundaries</enttypd><enttypt Sync="TRUE">Feature Class</enttypt><enttypc Sync="TRUE">0</enttypc></enttyp><attr><attrlabl>Shape</attrlabl><attrdef>Feature geometry</attrdef><attrdefs>ESRI</attrdefs><attrdomv><udom>Coordinates defining the features.</udom></attrdomv><attalias Sync="TRUE">Shape</attalias><attrtype Sync="TRUE">Geometry</attrtype><attwidth Sync="TRUE">8</attwidth><atprecis Sync="TRUE">0</atprecis><attscale Sync="TRUE">0</attscale></attr><attr><attrlabl Sync="TRUE">OBJECTID</attrlabl><attalias Sync="TRUE">OBJECTID</attalias><attrtype Sync="TRUE">OID</attrtype><attwidth Sync="TRUE">4</attwidth><atprecis Sync="TRUE">10</atprecis><attscale Sync="TRUE">0</attscale><attrdef Sync="TRUE">Internal feature number.</attrdef><attrdefs Sync="TRUE">ESRI</attrdefs><attrdomv><udom Sync="TRUE">Sequential unique whole numbers that are automatically generated.</udom></attrdomv></attr><attr><attrlabl>PREFIXTYPE</attrlabl><attrdef>Prefix street type</attrdef><attrdomv><edom><edomv>HWY</edomv><edomvd>Highway</edomvd></edom><edom><edomv>I</edomv><edomvd>Interstate</edomvd></edom><edom><edomv>STHY</edomv><edomvd>State Highway</edomvd></edom><edom><edomv>USHY</edomv><edomvd>US Highway</edomvd></edom></attrdomv><attalias Sync="TRUE">PREFIXTYPE</attalias><attrtype Sync="TRUE">String</attrtype><attwidth Sync="TRUE">4</attwidth><atprecis Sync="TRUE">0</atprecis><attscale Sync="TRUE">0</attscale></attr><attr><attrlabl>PREFIXDIR</attrlabl><attrdef>Prefix street direction</attrdef><attalias Sync="TRUE">PREFIXDIR</attalias><attrtype Sync="TRUE">String</attrtype><attwidth Sync="TRUE">2</attwidth><atprecis Sync="TRUE">0</atprecis><attscale Sync="TRUE">0</attscale><attrdomv><edom><edomv>N</edomv><edomvd>North</edomvd></edom><edom><edomv>S</edomv><edomvd>South</edomvd></edom><edom><edomv>E</edomv><edomvd>East</edomvd></edom><edom><edomv>W</edomv><edomvd>West</edomvd></edom></attrdomv></attr><attr><attrlabl>STREETNAME</attrlabl><attrdef>Primary name of the street segment</attrdef><attalias Sync="TRUE">STREETNAME</attalias><attrtype Sync="TRUE">String</attrtype><attwidth Sync="TRUE">50</attwidth><atprecis Sync="TRUE">0</atprecis><attscale Sync="TRUE">0</attscale></attr><attr><attrlabl>STREETTYPE</attrlabl><attrdef>Type of street (e.g. St, Ave, Blvd, etc.)</attrdef><attrdomv><edom><edomv>AVE</edomv><edomvd>Avenue</edomvd></edom><edom><edomv>BLVD</edomv><edomvd>Boulevard</edomvd></edom><edom><edomv>CIR</edomv><edomvd>Circle</edomvd></edom><edom><edomv>CT</edomv><edomvd>Court</edomvd></edom><edom><edomv>DR</edomv><edomvd>Drive</edomvd></edom><edom><edomv>HWY</edomv><edomvd>Highway</edomvd></edom><edom><edomv>LN</edomv><edomvd>Lane</edomvd></edom><edom><edomv>LOOP</edomv><edomvd>Loop</edomvd></edom><edom><edomv>PK</edomv><edomvd>Park</edomvd></edom><edom><edomv>PKWY</edomv><edomvd>Parkway</edomvd></edom><edom><edomv>PL</edomv><edomvd>Place</edomvd></edom><edom><edomv>PLZ</edomv><edomvd>Plaza</edomvd></edom><edom><edomv>RD</edomv><edomvd>Road</edomvd></edom><edom><edomv>ST</edomv><edomvd>Street</edomvd></edom><edom><edomv>TRL</edomv><edomvd>Trail</edomvd></edom><edom><edomv>WAY</edomv><edomvd>Way</edomvd></edom><edom><edomv>TER</edomv><edomvd>Terrace</edomvd></edom></attrdomv><attalias Sync="TRUE">STREETTYPE</attalias><attrtype Sync="TRUE">String</attrtype><attwidth Sync="TRUE">4</attwidth><atprecis Sync="TRUE">0</atprecis><attscale Sync="TRUE">0</attscale></attr><attr><attrlabl>SUFFIXDIR</attrlabl><attrdef>Street direction as suffix (e.g. West in 'Embarcadero West')</attrdef><attalias Sync="TRUE">SUFFIXDIR</attalias><attrtype Sync="TRUE">String</attrtype><attwidth Sync="TRUE">2</attwidth><atprecis Sync="TRUE">0</atprecis><attscale Sync="TRUE">0</attscale><attrdomv><edom><edomv>N</edomv><edomvd>North</edomvd></edom><edom><edomv>S</edomv><edomvd>South</edomvd></edom><edom><edomv>E</edomv><edomvd>East</edomvd></edom><edom><edomv>W</edomv><edomvd>West</edomvd></edom><edom><edomv>NB</edomv><edomvd>North Bound</edomvd></edom><edom><edomv>SB</edomv><edomvd>South Bound</edomvd></edom><edom><edomv>EB</edomv><edomvd>East Bound</edomvd></edom><edom><edomv>WB</edomv><edomvd>West Bound</edomvd></edom></attrdomv></attr><attr><attrlabl>LF_ACTUAL</attrlabl><attrdef>Beginning actual left address for the segment</attrdef><attalias Sync="TRUE">LF_ACTUAL</attalias><attrtype Sync="TRUE">Integer</attrtype><attwidth Sync="TRUE">4</attwidth><atprecis Sync="TRUE">10</atprecis><attscale Sync="TRUE">0</attscale></attr><attr><attrlabl>LT_ACTUAL</attrlabl><attrdef>Ending actual left address for the segment</attrdef><attalias Sync="TRUE">LT_ACTUAL</attalias><attrtype Sync="TRUE">Integer</attrtype><attwidth Sync="TRUE">4</attwidth><atprecis Sync="TRUE">10</atprecis><attscale Sync="TRUE">0</attscale></attr><attr><attrlabl>RF_ACTUAL</attrlabl><attrdef>Beginning actual right address for the segment</attrdef><attalias Sync="TRUE">RF_ACTUAL</attalias><attrtype Sync="TRUE">Integer</attrtype><attwidth Sync="TRUE">4</attwidth><atprecis Sync="TRUE">10</atprecis><attscale Sync="TRUE">0</attscale></attr><attr><attrlabl>RT_ACTUAL</attrlabl><attrdef>Ending actual right address for the segment</attrdef><attalias Sync="TRUE">RT_ACTUAL</attalias><attrtype Sync="TRUE">Integer</attrtype><attwidth Sync="TRUE">4</attwidth><atprecis Sync="TRUE">10</atprecis><attscale Sync="TRUE">0</attscale></attr><attr><attrlabl>FULLSTREET</attrlabl><attrdef>Fully specified name of the street segment (e.g. S Main St)</attrdef><attalias Sync="TRUE">FULLSTREET</attalias><attrtype Sync="TRUE">String</attrtype><attwidth Sync="TRUE">50</attwidth><atprecis Sync="TRUE">0</atprecis><attscale Sync="TRUE">0</attscale></attr><attr><attrlabl>CITYLEFT</attrlabl><attrdef>City on the left of the segment</attrdef><attalias Sync="TRUE">CITYLEFT</attalias><attrtype Sync="TRUE">String</attrtype><attwidth Sync="TRUE">32</attwidth><atprecis Sync="TRUE">0</atprecis><attscale Sync="TRUE">0</attscale><attrdomv><edom><edomv>City of Davis</edomv><edomvd>City of Davis</edomvd></edom><edom><edomv>City of West Sacramento</edomv><edomvd>City of West Sacramento</edomvd></edom><edom><edomv>City of Winters</edomv><edomvd>City of Winters</edomvd></edom><edom><edomv>City of Woodland</edomv><edomvd>City of Woodland</edomvd></edom><edom><edomv>UC Davis</edomv><edomvd>UC Davis</edomvd></edom><edom><edomv>County of Yolo</edomv><edomvd>County of Yolo</edomvd></edom><edom><edomv>County of Solano</edomv><edomvd>County of Solano</edomvd></edom></attrdomv></attr><attr><attrlabl>LF_EXHAUST</attrlabl><attrdef>Beginning inclusive left address for the segment</attrdef><attalias Sync="TRUE">LF_EXHAUST</attalias><attrtype Sync="TRUE">Integer</attrtype><attwidth Sync="TRUE">4</attwidth><atprecis Sync="TRUE">10</atprecis><attscale Sync="TRUE">0</attscale></attr><attr><attrlabl>LT_EXHAUST</attrlabl><attrdef>Ending inclusive left address for the segment</attrdef><attalias Sync="TRUE">LT_EXHAUST</attalias><attrtype Sync="TRUE">Integer</attrtype><attwidth Sync="TRUE">4</attwidth><atprecis Sync="TRUE">10</atprecis><attscale Sync="TRUE">0</attscale></attr><attr><attrlabl>RF_EXHAUST</attrlabl><attrdef>Beginning inclusive right address for the segment</attrdef><attalias Sync="TRUE">RF_EXHAUST</attalias><attrtype Sync="TRUE">Integer</attrtype><attwidth Sync="TRUE">4</attwidth><atprecis Sync="TRUE">10</atprecis><attscale Sync="TRUE">0</attscale></attr><attr><attrlabl>RT_EXHAUST</attrlabl><attrdef>Ending inclusive right address for the segment</attrdef><attalias Sync="TRUE">RT_EXHAUST</attalias><attrtype Sync="TRUE">Integer</attrtype><attwidth Sync="TRUE">4</attwidth><atprecis Sync="TRUE">10</atprecis><attscale Sync="TRUE">0</attscale></attr><attr><attrlabl>CITYRIGHT</attrlabl><attrdef>City on the right of the segment</attrdef><attalias Sync="TRUE">CITYRIGHT</attalias><attrtype Sync="TRUE">String</attrtype><attwidth Sync="TRUE">32</attwidth><atprecis Sync="TRUE">0</atprecis><attscale Sync="TRUE">0</attscale><attrdomv><edom><edomv>City of Davis</edomv><edomvd>City of Davis</edomvd></edom><edom><edomv>City of West Sacramento</edomv><edomvd>City of West Sacramento</edomvd></edom><edom><edomv>City of Winters</edomv><edomvd>City of Winters</edomvd></edom><edom><edomv>City of Woodland</edomv><edomvd>City of Woodland</edomvd></edom><edom><edomv>County of Yolo</edomv><edomvd>County of Yolo</edomvd></edom><edom><edomv>County of Solano</edomv><edomvd>County of Solano</edomvd></edom><edom><edomv>UC Davis</edomv><edomvd>UC Davis</edomvd></edom></attrdomv></attr><attr><attrlabl>ZIPLEFT</attrlabl><attrdef>Zip code on the left of the segment</attrdef><attalias Sync="TRUE">ZIPLEFT</attalias><attrtype Sync="TRUE">String</attrtype><attwidth Sync="TRUE">5</attwidth><atprecis Sync="TRUE">0</atprecis><attscale Sync="TRUE">0</attscale><attrdomv><edom><edomv>95605</edomv></edom><edom><edomv>95606</edomv></edom><edom><edomv>95607</edomv></edom><edom><edomv>95612</edomv></edom><edom><edomv>95615</edomv></edom><edom><edomv>95616</edomv></edom><edom><edomv>95618</edomv></edom><edom><edomv>95620</edomv></edom><edom><edomv>95627</edomv></edom><edom><edomv>95637</edomv></edom><edom><edomv>95645</edomv></edom><edom><edomv>95653</edomv></edom><edom><edomv>95679</edomv></edom><edom><edomv>95691</edomv></edom><edom><edomv>95694</edomv></edom><edom><edomv>95695</edomv></edom><edom><edomv>95697</edomv></edom><edom><edomv>95698</edomv></edom><edom><edomv>95776</edomv></edom><edom><edomv>95937</edomv></edom></attrdomv></attr><attr><attrlabl>ZIPRIGHT</attrlabl><attrdef>Zip code on the right of the segment</attrdef><attalias Sync="TRUE">ZIPRIGHT</attalias><attrtype Sync="TRUE">String</attrtype><attwidth Sync="TRUE">5</attwidth><atprecis Sync="TRUE">0</atprecis><attscale Sync="TRUE">0</attscale><attrdomv><edom><edomv>95605</edomv></edom><edom><edomv>95606</edomv></edom><edom><edomv>95607</edomv></edom><edom><edomv>95612</edomv></edom><edom><edomv>95615</edomv></edom><edom><edomv>95616</edomv></edom><edom><edomv>95618</edomv></edom><edom><edomv>95620</edomv></edom><edom><edomv>95627</edomv></edom><edom><edomv>95637</edomv></edom><edom><edomv>95645</edomv></edom><edom><edomv>95653</edomv></edom><edom><edomv>95679</edomv></edom><edom><edomv>95691</edomv></edom><edom><edomv>95694</edomv></edom><edom><edomv>95695</edomv></edom><edom><edomv>95697</edomv></edom><edom><edomv>95698</edomv></edom><edom><edomv>95776</edomv></edom><edom><edomv>95937</edomv></edom></attrdomv></attr><attr><attrlabl>UNIQUE_ID</attrlabl><attrdef>Unique identification number</attrdef><attalias Sync="TRUE">UNIQUE_ID</attalias><attrtype Sync="TRUE">Integer</attrtype><attwidth Sync="TRUE">4</attwidth><atprecis Sync="TRUE">10</atprecis><attscale Sync="TRUE">0</attscale></attr><attr><attrlabl>COUNTYLEFT</attrlabl><attrdef>County on the left of the segment</attrdef><attalias Sync="TRUE">COUNTYLEFT</attalias><attrtype Sync="TRUE">String</attrtype><attwidth Sync="TRUE">20</attwidth><atprecis Sync="TRUE">0</atprecis><attscale Sync="TRUE">0</attscale></attr><attr><attrlabl>COUNTYRIGH</attrlabl><attrdef>County on the right of the segment</attrdef><attalias Sync="TRUE">COUNTYRIGH</attalias><attrtype Sync="TRUE">String</attrtype><attwidth Sync="TRUE">20</attwidth><atprecis Sync="TRUE">0</atprecis><attscale Sync="TRUE">0</attscale></attr><attr><attrlabl>ROUTING</attrlabl><attrdef>Text field that indicates if an emergency vehicle can travel along the segment.  A value of "Yes" indicates that a vehicle can travel along the segment and a "No" value indicates that it cannot.</attrdef><attalias Sync="TRUE">ROUTING</attalias><attrtype Sync="TRUE">String</attrtype><attwidth Sync="TRUE">3</attwidth><atprecis Sync="TRUE">0</atprecis><attscale Sync="TRUE">0</attscale></attr><attr><attrlabl Sync="TRUE">Community</attrlabl><attalias Sync="TRUE">Community</attalias><attrtype Sync="TRUE">String</attrtype><attwidth Sync="TRUE">50</attwidth><atprecis Sync="TRUE">0</atprecis><attscale Sync="TRUE">0</attscale><attrdef>The community name as determined by post office</attrdef><attrdomv><edom><edomv>Brooks</edomv><edomvd>Brooks</edomvd></edom><edom><edomv>Capay</edomv><edomvd>Capay</edomvd></edom><edom><edomv>Clarksburg</edomv><edomvd>Clarksburg</edomvd></edom><edom><edomv>Courtland</edomv><edomvd>Courtland</edomvd></edom><edom><edomv>Davis</edomv><edomvd>Davis</edomvd></edom><edom><edomv>Dunnigan</edomv><edomvd>Dunnigan</edomvd></edom><edom><edomv>El Macero</edomv><edomvd>El Macero</edomvd></edom><edom><edomv>Esparto</edomv><edomvd>Esparto</edomvd></edom><edom><edomv>Guinda</edomv><edomvd>Guinda</edomvd></edom><edom><edomv>Knights Landing</edomv><edomvd>Knights Landing</edomvd></edom><edom><edomv>Madison</edomv><edomvd>Madison</edomvd></edom><edom><edomv>Rumsey</edomv><edomvd>Rumsey</edomvd></edom><edom><edomv>UC Davis</edomv><edomvd>UC Davis</edomvd></edom><edom><edomv>West Sacramento</edomv><edomvd>West Sacramento</edomvd></edom><edom><edomv>Winters</edomv><edomvd>Winters</edomvd></edom><edom><edomv>Woodland</edomv><edomvd>Woodland</edomvd></edom><edom><edomv>Yolo</edomv><edomvd>Yolo</edomvd></edom><edom><edomv>Zamora</edomv><edomvd>Zamora</edomvd></edom></attrdomv></attr><attr><attrlabl Sync="TRUE">YCFC</attrlabl><attalias Sync="TRUE">YCFC</attalias><attrtype Sync="TRUE">String</attrtype><attwidth Sync="TRUE">2</attwidth><atprecis Sync="TRUE">0</atprecis><attscale Sync="TRUE">0</attscale><attrdef>Yolo County Functional Classification</attrdef><attrdomv><edom><edomv>01</edomv><edomvd>Principal Arterial Interstate - Rural</edomvd></edom><edom><edomv>02</edomv><edomvd>Other Principal Arterial - Rural</edomvd></edom><edom><edomv>06</edomv><edomvd>Minor Arterial - Rural</edomvd></edom><edom><edomv>07</edomv><edomvd>Major Collector - Rural</edomvd></edom><edom><edomv>08</edomv><edomvd>Minor Collector -  Rural</edomvd></edom><edom><edomv>09</edomv><edomvd>Local - Rural</edomvd></edom><edom><edomv>11</edomv><edomvd>Principal Arterial Interstate - Urban</edomvd></edom><edom><edomv>12</edomv><edomvd>Principal Arterial - Urban</edomvd></edom><edom><edomv>14</edomv><edomvd>Other Principal Arterial - Urban</edomvd></edom><edom><edomv>16</edomv><edomvd>Minor Arterial - Urban</edomvd></edom><edom><edomv>17 </edomv><edomvd>Collector - Urban</edomvd></edom><edom><edomv>19</edomv><edomvd>Local - Urban</edomvd></edom><edom><edomv>21</edomv><edomvd>Ramp - Urban</edomvd></edom><edom><edomv>23</edomv><edomvd>Private - Urban</edomvd></edom><edom><edomv>24</edomv><edomvd>Proposed - Urban</edomvd></edom><edom><edomv>25</edomv><edomvd>Private - Rural</edomvd></edom></attrdomv></attr><attr><attrlabl Sync="TRUE">created_user</attrlabl><attalias Sync="TRUE">created_user</attalias><attrtype Sync="TRUE">String</attrtype><attwidth Sync="TRUE">255</attwidth><atprecis Sync="TRUE">0</atprecis><attscale Sync="TRUE">0</attscale></attr><attr><attrlabl Sync="TRUE">created_date</attrlabl><attalias Sync="TRUE">created_date</attalias><attrtype Sync="TRUE">Date</attrtype><attwidth Sync="TRUE">8</attwidth><atprecis Sync="TRUE">0</atprecis><attscale Sync="TRUE">0</attscale></attr><attr><attrlabl Sync="TRUE">last_edited_user</attrlabl><attalias Sync="TRUE">last_edited_user</attalias><attrtype Sync="TRUE">String</attrtype><attwidth Sync="TRUE">255</attwidth><atprecis Sync="TRUE">0</atprecis><attscale Sync="TRUE">0</attscale></attr><attr><attrlabl Sync="TRUE">last_edited_date</attrlabl><attalias Sync="TRUE">last_edited_date</attalias><attrtype Sync="TRUE">Date</attrtype><attwidth Sync="TRUE">8</attwidth><atprecis Sync="TRUE">0</atprecis><attscale Sync="TRUE">0</attscale></attr><attr><attrlabl Sync="TRUE">Speed_Limit</attrlabl><attalias Sync="TRUE">Speed Limit</attalias><attrtype Sync="TRUE">Double</attrtype><attwidth Sync="TRUE">8</attwidth><atprecis Sync="TRUE">38</atprecis><attscale Sync="TRUE">8</attscale></attr><attr><attrlabl Sync="TRUE">MILES</attrlabl><attalias Sync="TRUE">MILES</attalias><attrtype Sync="TRUE">Double</attrtype><attwidth Sync="TRUE">8</attwidth><atprecis Sync="TRUE">38</atprecis><attscale Sync="TRUE">8</attscale></attr><attr><attrlabl Sync="TRUE">MINUTES</attrlabl><attalias Sync="TRUE">MINUTES</attalias><attrtype Sync="TRUE">Double</attrtype><attwidth Sync="TRUE">8</attwidth><atprecis Sync="TRUE">38</atprecis><attscale Sync="TRUE">8</attscale></attr><attr><attrlabl Sync="TRUE">Ownership</attrlabl><attalias Sync="TRUE">Ownership</attalias><attrtype Sync="TRUE">String</attrtype><attwidth Sync="TRUE">50</attwidth><atprecis Sync="TRUE">0</atprecis><attscale Sync="TRUE">0</attscale></attr><attr><attrlabl Sync="TRUE">Yolo_Road_Classification</attrlabl><attalias Sync="TRUE">Yolo_Road_Classification</attalias><attrtype Sync="TRUE">String</attrtype><attwidth Sync="TRUE">255</attwidth><atprecis Sync="TRUE">0</atprecis><attscale Sync="TRUE">0</attscale></attr><attr><attrlabl Sync="TRUE">Basemap</attrlabl><attalias Sync="TRUE">Basemap</attalias><attrtype Sync="TRUE">String</attrtype><attwidth Sync="TRUE">20</attwidth><atprecis Sync="TRUE">0</atprecis><attscale Sync="TRUE">0</attscale></attr><attr><attrlabl Sync="TRUE">Jurisdiction</attrlabl><attalias Sync="TRUE">Jurisdiction</attalias><attrtype Sync="TRUE">String</attrtype><attwidth Sync="TRUE">100</attwidth><atprecis Sync="TRUE">0</atprecis><attscale Sync="TRUE">0</attscale></attr><attr><attrlabl Sync="TRUE">FromAddr_L</attrlabl><attalias Sync="TRUE">Left From Address</attalias><attrtype Sync="TRUE">Integer</attrtype><attwidth Sync="TRUE">4</attwidth><atprecis Sync="TRUE">10</atprecis><attscale Sync="TRUE">0</attscale></attr><attr><attrlabl Sync="TRUE">ToAddr_L</attrlabl><attalias Sync="TRUE">Left To Address</attalias><attrtype Sync="TRUE">Integer</attrtype><attwidth Sync="TRUE">4</attwidth><atprecis Sync="TRUE">10</atprecis><attscale Sync="TRUE">0</attscale></attr><attr><attrlabl Sync="TRUE">FromAddr_R</attrlabl><attalias Sync="TRUE">Right From Address</attalias><attrtype Sync="TRUE">Integer</attrtype><attwidth Sync="TRUE">4</attwidth><atprecis Sync="TRUE">10</atprecis><attscale Sync="TRUE">0</attscale></attr><attr><attrlabl Sync="TRUE">ToAddr_R</attrlabl><attalias Sync="TRUE">Right To Address</attalias><attrtype Sync="TRUE">Integer</attrtype><attwidth Sync="TRUE">4</attwidth><atprecis Sync="TRUE">10</atprecis><attscale Sync="TRUE">0</attscale></attr><attr><attrlabl Sync="TRUE">Parity_L</attrlabl><attalias Sync="TRUE">Parity Left</attalias><attrtype Sync="TRUE">String</attrtype><attwidth Sync="TRUE">1</attwidth><atprecis Sync="TRUE">0</atprecis><attscale Sync="TRUE">0</attscale></attr><attr><attrlabl Sync="TRUE">Parity_R</attrlabl><attalias Sync="TRUE">Parity Right</attalias><attrtype Sync="TRUE">String</attrtype><attwidth Sync="TRUE">1</attwidth><atprecis Sync="TRUE">0</atprecis><attscale Sync="TRUE">0</attscale></attr><attr><attrlabl Sync="TRUE">St_PreMod</attrlabl><attalias Sync="TRUE">Street Name Pre Modifier</attalias><attrtype Sync="TRUE">String</attrtype><attwidth Sync="TRUE">15</attwidth><atprecis Sync="TRUE">0</atprecis><attscale Sync="TRUE">0</attscale></attr><attr><attrlabl Sync="TRUE">St_PreDir</attrlabl><attalias Sync="TRUE">Street Name Pre Directional</attalias><attrtype Sync="TRUE">String</attrtype><attwidth Sync="TRUE">9</attwidth><atprecis Sync="TRUE">0</atprecis><attscale Sync="TRUE">0</attscale></attr><attr><attrlabl Sync="TRUE">St_PreTyp</attrlabl><attalias Sync="TRUE">Street Name Pre Type</attalias><attrtype Sync="TRUE">String</attrtype><attwidth Sync="TRUE">50</attwidth><atprecis Sync="TRUE">0</atprecis><attscale Sync="TRUE">0</attscale></attr><attr><attrlabl Sync="TRUE">St_PreSep</attrlabl><attalias Sync="TRUE">Street Name Type Separator</attalias><attrtype Sync="TRUE">String</attrtype><attwidth Sync="TRUE">20</attwidth><atprecis Sync="TRUE">0</atprecis><attscale Sync="TRUE">0</attscale></attr><attr><attrlabl Sync="TRUE">St_Name</attrlabl><attalias Sync="TRUE">Street Name</attalias><attrtype Sync="TRUE">String</attrtype><attwidth Sync="TRUE">60</attwidth><atprecis Sync="TRUE">0</atprecis><attscale Sync="TRUE">0</attscale></attr><attr><attrlabl Sync="TRUE">St_PosType</attrlabl><attalias Sync="TRUE">Street Name Post Type</attalias><attrtype Sync="TRUE">String</attrtype><attwidth Sync="TRUE">50</attwidth><atprecis Sync="TRUE">0</atprecis><attscale Sync="TRUE">0</attscale></attr><attr><attrlabl Sync="TRUE">St_PosDir</attrlabl><attalias Sync="TRUE">Street Name Post Directional</attalias><attrtype Sync="TRUE">String</attrtype><attwidth Sync="TRUE">9</attwidth><atprecis Sync="TRUE">0</atprecis><attscale Sync="TRUE">0</attscale></attr><attr><attrlabl Sync="TRUE">St_PosMod</attrlabl><attalias Sync="TRUE">Street Name Post Modifier</attalias><attrtype Sync="TRUE">String</attrtype><attwidth Sync="TRUE">25</attwidth><atprecis Sync="TRUE">0</atprecis><attscale Sync="TRUE">0</attscale></attr><attr><attrlabl Sync="TRUE">County_L</attrlabl><attalias Sync="TRUE">County Left</attalias><attrtype Sync="TRUE">String</attrtype><attwidth Sync="TRUE">40</attwidth><atprecis Sync="TRUE">0</atprecis><attscale Sync="TRUE">0</attscale></attr><attr><attrlabl Sync="TRUE">County_R</attrlabl><attalias Sync="TRUE">County Right</attalias><attrtype Sync="TRUE">String</attrtype><attwidth Sync="TRUE">40</attwidth><atprecis Sync="TRUE">0</atprecis><attscale Sync="TRUE">0</attscale></attr><attr><attrlabl Sync="TRUE">IncMuni_L</attrlabl><attalias Sync="TRUE">Incorporated Municipality Left</attalias><attrtype Sync="TRUE">String</attrtype><attwidth Sync="TRUE">100</attwidth><atprecis Sync="TRUE">0</atprecis><attscale Sync="TRUE">0</attscale></attr><attr><attrlabl Sync="TRUE">IncMuni_R</attrlabl><attalias Sync="TRUE">Incorporated Municipality Right</attalias><attrtype Sync="TRUE">String</attrtype><attwidth Sync="TRUE">100</attwidth><atprecis Sync="TRUE">0</atprecis><attscale Sync="TRUE">0</attscale></attr><attr><attrlabl Sync="TRUE">PostCode_L</attrlabl><attalias Sync="TRUE">Postal Code Left</attalias><attrtype Sync="TRUE">String</attrtype><attwidth Sync="TRUE">7</attwidth><atprecis Sync="TRUE">0</atprecis><attscale Sync="TRUE">0</attscale></attr><attr><attrlabl Sync="TRUE">PostCode_R</attrlabl><attalias Sync="TRUE">Postal Code Right</attalias><attrtype Sync="TRUE">String</attrtype><attwidth Sync="TRUE">7</attwidth><atprecis Sync="TRUE">0</atprecis><attscale Sync="TRUE">0</attscale></attr><attr><attrlabl Sync="TRUE">RoadClass</attrlabl><attalias Sync="TRUE">Road Class</attalias><attrtype Sync="TRUE">String</attrtype><attwidth Sync="TRUE">15</attwidth><atprecis Sync="TRUE">0</atprecis><attscale Sync="TRUE">0</attscale></attr><attr><attrlabl Sync="TRUE">Oneway_Old</attrlabl><attalias Sync="TRUE">Oneway_Old</attalias><attrtype Sync="TRUE">SmallInteger</attrtype><attwidth Sync="TRUE">2</attwidth><atprecis Sync="TRUE">5</atprecis><attscale Sync="TRUE">0</attscale></attr><attr><attrlabl Sync="TRUE">BIKE_CLASS</attrlabl><attalias Sync="TRUE">BIKE_CLASS</attalias><attrtype Sync="TRUE">String</attrtype><attwidth Sync="TRUE">4</attwidth><atprecis Sync="TRUE">0</atprecis><attscale Sync="TRUE">0</attscale><attrdef>Bike class II &amp; III</attrdef><attrdomv><edom><edomv>II</edomv><edomvd>II</edomvd></edom><edom><edomv>III</edomv><edomvd>III</edomvd></edom></attrdomv></attr><attr><attrlabl Sync="TRUE">Shape.STLength()</attrlabl><attalias Sync="TRUE">Shape.STLength()</attalias><attrtype Sync="TRUE">Double</attrtype><attwidth Sync="TRUE">0</attwidth><atprecis Sync="TRUE">0</atprecis><attscale Sync="TRUE">0</attscale></attr></detailed></eainfo><distinfo><distrib><cntinfo><cntperp><cntper>Marcus Neuvert</cntper><cntorg>Yolo County GIS Cooperative</cntorg></cntperp><cntpos>GIS Specialist II</cntpos><cntaddr><addrtype>mailing and physical address</addrtype><address>120 W. Main St, Suite D</address><city>Woodland</city><state>CA</state><postal>95695</postal><country>USA</country></cntaddr><cntvoice>530-406-5040</cntvoice><hours>8-5, M-F</hours></cntinfo></distrib><resdesc>Downloadable Data</resdesc><stdorder><digform><digtinfo><transize>5.831</transize><dssize Sync="TRUE">1.359</dssize></digtinfo></digform></stdorder></distinfo><metainfo><metd Sync="TRUE">20110629</metd><metc><cntinfo><cntperp><cntper>Marcus Neuvert</cntper><cntorg>Yolo County GIS Cooperative</cntorg></cntperp><cntpos>GIS Specialist II</cntpos><cntaddr><addrtype>mailing and physical address</addrtype><address>120 W. Main St, Suite D</address><city>Woodland</city><state>CA</state><postal>95695</postal><country>USA</country></cntaddr><cntvoice>530-406-5040</cntvoice><hours>M-F, 8-5</hours></cntinfo></metc><metstdn Sync="TRUE">FGDC Content Standards for Digital Geospatial Metadata</metstdn><metstdv Sync="TRUE">FGDC-STD-001-1998</metstdv><mettc Sync="TRUE">local time</mettc><metextns><onlink>http://www.esri.com/metadata/esriprof80.html</onlink><metprof>ESRI Metadata Profile</metprof></metextns><metextns><onlink>http://www.esri.com/metadata/esriprof80.html</onlink><metprof>ESRI Metadata Profile</metprof></metextns><metextns><onlink>http://www.esri.com/metadata/esriprof80.html</onlink><metprof>ESRI Metadata Profile</metprof></metextns><metextns><onlink>http://www.esri.com/metadata/esriprof80.html</onlink><metprof>ESRI Metadata Profile</metprof></metextns><metextns><onlink>http://www.esri.com/metadata/esriprof80.html</onlink><metprof>ESRI Metadata Profile</metprof></metextns><langmeta Sync="TRUE">en</langmeta></metainfo><Esri><CreaDate>20250826</CreaDate><CreaTime>17140200</CreaTime><SyncOnce>FALSE</SyncOnce><SyncDate>20240717</SyncDate><SyncTime>09182000</SyncTime><ModDate>20240717</ModDate><ModTime>09182000</ModTime><DataProperties><itemProps><itemName Sync="TRUE">SDE.Centerlines</itemName><imsContentType Sync="TRUE" export="False">002</imsContentType><nativeExtBox><westBL Sync="TRUE">6450288.719319</westBL><eastBL Sync="TRUE">6704620.086604</eastBL><southBL Sync="TRUE">1876170.374247</southBL><northBL Sync="TRUE">2099038.844219</northBL><exTypeCode Sync="TRUE">1</exTypeCode></nativeExtBox></itemProps><coordRef><type Sync="TRUE">Projected</type><geogcsn Sync="TRUE">GCS_North_American_1983</geogcsn><csUnits Sync="TRUE">Linear Unit: Foot_US (0.304801)</csUnits><projcsn Sync="TRUE">NAD_1983_StatePlane_California_II_FIPS_0402_Feet</projcsn><peXml Sync="TRUE">&lt;ProjectedCoordinateSystem xsi:type='typens:ProjectedCoordinateSystem' xmlns:xsi='http://www.w3.org/2001/XMLSchema-instance' xmlns:xs='http://www.w3.org/2001/XMLSchema' xmlns:typens='http://www.esri.com/schemas/ArcGIS/3.3.0'&gt;&lt;WKT&gt;PROJCS[&amp;quot;NAD_1983_StatePlane_California_II_FIPS_0402_Feet&amp;quot;,GEOGCS[&amp;quot;GCS_North_American_1983&amp;quot;,DATUM[&amp;quot;D_North_American_1983&amp;quot;,SPHEROID[&amp;quot;GRS_1980&amp;quot;,6378137.0,298.257222101]],PRIMEM[&amp;quot;Greenwich&amp;quot;,0.0],UNIT[&amp;quot;Degree&amp;quot;,0.0174532925199433]],PROJECTION[&amp;quot;Lambert_Conformal_Conic&amp;quot;],PARAMETER[&amp;quot;False_Easting&amp;quot;,6561666.666666666],PARAMETER[&amp;quot;False_Northing&amp;quot;,1640416.666666667],PARAMETER[&amp;quot;Central_Meridian&amp;quot;,-122.0],PARAMETER[&amp;quot;Standard_Parallel_1&amp;quot;,38.33333333333334],PARAMETER[&amp;quot;Standard_Parallel_2&amp;quot;,39.83333333333334],PARAMETER[&amp;quot;Latitude_Of_Origin&amp;quot;,37.66666666666666],UNIT[&amp;quot;Foot_US&amp;quot;,0.3048006096012192],AUTHORITY[&amp;quot;EPSG&amp;quot;,2226]]&lt;/WKT&gt;&lt;XOrigin&gt;-115211799.99975701&lt;/XOrigin&gt;&lt;YOrigin&gt;-93821499.999950454&lt;/YOrigin&gt;&lt;XYScale&gt;16316.515097268244&lt;/XYScale&gt;&lt;ZOrigin&gt;0&lt;/ZOrigin&gt;&lt;ZScale&gt;1&lt;/ZScale&gt;&lt;MOrigin&gt;0&lt;/MOrigin&gt;&lt;MScale&gt;1&lt;/MScale&gt;&lt;XYTolerance&gt;0.00049030077515384285&lt;/XYTolerance&gt;&lt;ZTolerance&gt;0.001&lt;/ZTolerance&gt;&lt;MTolerance&gt;0.001&lt;/MTolerance&gt;&lt;HighPrecision&gt;true&lt;/HighPrecision&gt;&lt;WKID&gt;102642&lt;/WKID&gt;&lt;LatestWKID&gt;2226&lt;/LatestWKID&gt;&lt;/ProjectedCoordinateSystem&gt;</peXml></coordRef></DataProperties><ArcGISProfile>ItemDescription</ArcGISProfile><ArcGISFormat>1.0</ArcGISFormat><scaleRange><minScale>150000000</minScale><maxScale>5000</maxScale></scaleRange></Esri><dataIdInfo><envirDesc Sync="FALSE">Esri ArcGIS 13.3.0.52636</envirDesc><dataLang><languageCode Sync="TRUE" value="eng"/><countryCode value="USA" Sync="TRUE"/></dataLang><idCitation><resTitle Sync="TRUE">SDE.Centerlines</resTitle><presForm><PresFormCd Sync="TRUE" value="005"/></presForm></idCitation><spatRpType><SpatRepTypCd Sync="TRUE" value="001"/></spatRpType><dataExt><geoEle><GeoBndBox esriExtentType="native"><westBL Sync="TRUE">6450288.719319</westBL><eastBL Sync="TRUE">6704620.086604</eastBL><northBL Sync="TRUE">2099038.844219</northBL><southBL Sync="TRUE">1876170.374247</southBL><exTypeCode Sync="TRUE">1</exTypeCode></GeoBndBox></geoEle></dataExt><dataExt><geoEle><GeoBndBox esriExtentType="search"><westBL Sync="TRUE">-122.391512</westBL><eastBL Sync="TRUE">-121.497497</eastBL><northBL Sync="TRUE">38.925961</northBL><southBL Sync="TRUE">38.312915</southBL><exTypeCode Sync="TRUE">1</exTypeCode></GeoBndBox></geoEle></dataExt><geoBox esriExtentType="decdegrees"><westBL Sync="TRUE">-122.391512</westBL><eastBL Sync="TRUE">-121.497497</eastBL><northBL Sync="TRUE">38.925961</northBL><southBL Sync="TRUE">38.312915</southBL><exTypeCode Sync="TRUE">1</exTypeCode></geoBox><idPurp>Q4 2017- Provide street ranges, zip codes and city names for street addresses</idPurp><idAbs>&lt;DIV STYLE="text-align:Left;"&gt;&lt;DIV&gt;&lt;DIV&gt;&lt;P&gt;&lt;SPAN&gt;Street centerline data. Actual and exhaustive street ranges, zip codes and cities for both sides of each street segment. Constructed in conjunction with the parcel basemap. Centerlines are typically at the computed center of the parcel right-of-way lines.&lt;/SPAN&gt;&lt;/P&gt;&lt;/DIV&gt;&lt;/DIV&gt;&lt;/DIV&gt;</idAbs><searchKeys><keyword>Centerlines</keyword><keyword>Streets</keyword></searchKeys><resConst><Consts><useLimit>&lt;DIV STYLE="text-align:Left;"&gt;&lt;DIV&gt;&lt;DIV&gt;&lt;P&gt;&lt;SPAN&gt;REQUIRED: Restrictions and legal prerequisites for using the data set after access is granted.&lt;/SPAN&gt;&lt;/P&gt;&lt;/DIV&gt;&lt;/DIV&gt;&lt;/DIV&gt;</useLimit></Consts></resConst><idCredit>Yolo County GIS Cooperative. Includes City of West Sacramento, City of Woodland, City of Davis, City of Winters. Additional contibutions by UC Davis.
</idCredit></dataIdInfo><mdLang><languageCode Sync="TRUE" value="eng"/><countryCode value="USA" Sync="TRUE"/></mdLang><mdStanName>ArcGIS Metadata</mdStanName><mdStanVer>1.0</mdStanVer><mdChar><CharSetCd Sync="TRUE" value="004"/></mdChar><mdHrLv><ScopeCd Sync="TRUE" value="005"/></mdHrLv><mdHrLvName Sync="TRUE">dataset</mdHrLvName><distInfo><distributor><distorTran><onLineSrc><orDesc Sync="TRUE">002</orDesc><linkage Sync="FALSE">withheld</linkage><protocol Sync="TRUE">Local Area Network</protocol></onLineSrc><transSize Sync="TRUE">1.359</transSize></distorTran><distorFormat><formatName Sync="TRUE">Personal GeoDatabase Feature Class</formatName></distorFormat></distributor><distFormat><formatName Sync="TRUE">Enterprise Geodatabase Feature Class</formatName></distFormat></distInfo><refSysInfo><RefSystem><refSysID><identCode Sync="TRUE" value="2226" code="2226">NAD_1983_StatePlane_California_II_FIPS_0402_Feet</identCode><idCodeSpace Sync="TRUE">EPSG</idCodeSpace><idVersion Sync="TRUE">5.3(9.0.0)</idVersion></refSysID></RefSystem></refSysInfo><spatRepInfo><VectSpatRep><geometObjs Name="SDE.Centerlines"><geoObjTyp><GeoObjTypCd value="002" Sync="TRUE"/></geoObjTyp><geoObjCnt Sync="TRUE">0</geoObjCnt></geometObjs><topLvl><TopoLevCd value="001" Sync="TRUE"/></topLvl></VectSpatRep></spatRepInfo><mdDateSt Sync="TRUE">20240717</mdDateSt></metadata>
